Time Asleep,Intensity,
4.4464, 0.215238934814,
6.1895, 0.156338125483,
8.17349, 0.237340141361,
9.74317, 0.0814955853732,
56.45018, 0.176732137813,
57.83888, 0.173969551322,
59.844059, 0.0787815908943,
60.8607, 0.0469418802124,
63.69646, 0.0504339979343,
